From	Entry	Entry Name	Gene Names	Sequence version
A0A1D5W3F9	A0A1D5W3F9	A0A1D5W3F9_WHEAT		
A0A1D5VYY3	A0A1D5VYY3	A0A1D5VYY3_WHEAT		
G5EBH6	Q9NCE1	Q9NCE1_CAEEL	mboa-2 CELE_H19N07.4 H19N07.4	1
A0A1D6BXZ4	A0A1D6BXZ4	A0A1D6BXZ4_WHEAT		
A0A1D5VBV9	A0A1D5VBV9	A0A1D5VBV9_WHEAT		
F7EQJ9	Q6MGC3	Q6MGC3_RAT	Wdr46 AA926063 B3galt4 Cdk2ap1-ps1 Col11a2 Daxx Hsd17b8 Kifc1 LOC224733l-1 LOC224733l-2 Phf1 Rps25-ps1 RT1-A1 RT1-A2 RT1-A3 RT1-DOa RT1-Hb RT1-Ke4 Rxrb Sacm2l-ps1 Sacm2l-ps2 Sec61-ps Syngap1	1
A0A1D6DLI4	A0A1D6DLI4	A0A1D6DLI4_WHEAT		
A0A1D6S9V7	A0A1D6S9V7	A0A1D6S9V7_WHEAT		
M9PG54	M9PGC5	WNK_DROME	Wnk CG7177	2
A0A087WQY4	F8WIG2	F8WIG2_MOUSE	Begain	2
Q19208	Q19209	Q19209_CAEEL	numr-2 numr-1 CELE_F08F8.1 CELE_F08F8.5 F08F8.1 F08F8.5	2
D3Z1N9	Q5M8M8	Q5M8M8_MOUSE	Rpl29	1
I1I6P9	I1I6P9	I1I6P9_BRADI		
